{"globals.py": 1678422501.8365097, "index.html": 1678422988.0391982, "index.htmlx": 1678422621.474509, "sitemap.json": 1678422988.1562004, "wyvern": 1678421957.346537, "__pycache__": {"globals.cpython-38.pyc": 1678422644.4075105}}